idx,sing,plur,freq
_,abandons,abandon,_
_,abates,abate,_
_,abides,abide,_
_,abolishes,abolish,_
_,absorbs,absorb,_
_,abuses,abuse,_
_,accedes,accede,_
_,accelerates,accelerate,_
_,accepts,accept,_
_,accesses,access,_
_,acclaims,acclaim,_
_,accommodates,accommodate,_
_,accomodates,accomodate,_
_,accompanies,accompany,_
_,accomplishes,accomplish,_
_,accords,accord,_
_,accounts,account,_
_,accrues,accrue,_
_,accuses,accuse,_
_,achieves,achieve,_
_,acknowledges,acknowledge,_
_,acquires,acquire,_
_,acquits,acquit,_
_,acts,act,_
_,adapts,adapt,_
_,addresses,address,_
_,adds,add,_
_,adheres,adhere,_
_,adjusts,adjust,_
_,administers,administer,_
_,admits,admit,_
_,adopts,adopt,_
_,adorns,adorn,_
_,advances,advance,_
_,advantages,advantage,_
_,advises,advise,_
_,affects,affect,_
_,affords,afford,_
_,aggravates,aggravate,_
_,agonizes,agonize,_
_,agrees,agree,_
_,aids,aid,_
_,aims,aim,_
_,airs,air,_
_,alerts,alert,_
_,alienates,alienate,_
_,allays,allay,_
_,alleges,allege,_
_,alleviates,alleviate,_
_,allocates,allocate,_
_,alloweds,allowed,_
_,allows,allow,_
_,allies,ally,_
_,alters,alter,_
_,amalgamates,amalgamate,_
_,amasses,amass,_
_,amazes,amaze,_
_,ambles,amble,_
_,amends,amend,_
_,amortizes,amortize,_
_,amounts,amount,_
_,amplifies,amplify,_
_,analyzes,analyze,_
_,anchors,anchor,_
_,announces,announce,_
_,answers,answer,_
_,antagonizes,antagonize,_
_,anticipates,anticipate,_
_,apologizes,apologize,_
_,appeals,appeal,_
_,appears,appear,_
_,appeases,appease,_
_,appends,append,_
_,applauds,applaud,_
_,applies,apply,_
_,appoints,appoint,_
_,appraises,appraise,_
_,appreciates,appreciate,_
_,approaches,approach,_
_,approves,approve,_
_,argues,argue,_
_,arises,arise,_
_,arms,arm,_
_,arouses,arouse,_
_,arranges,arrange,_
_,arrests,arrest,_
_,arrives,arrive,_
_,articulates,articulate,_
_,asks,ask,_
_,assassinates,assassinate,_
_,assembles,assemble,_
_,asserts,assert,_
_,assesses,assess,_
_,assigns,assign,_
_,assimilates,assimilate,_
_,assists,assist,_
_,assuages,assuage,_
_,assumes,assume,_
_,assures,assure,_
_,atones,atone,_
_,attaches,attach,_
_,attacks,attack,_
_,attains,attain,_
_,attempts,attempt,_
_,attends,attend,_
_,attentions,attention,_
_,attests,attest,_
_,attracts,attract,_
_,attributes,attribute,_
_,auctions,auction,_
_,auditions,audition,_
_,audits,audit,_
_,augments,augment,_
_,authorizes,authorize,_
_,autographs,autograph,_
_,averages,average,_
_,averts,avert,_
_,avoids,avoid,_
_,awaits,await,_
_,backfires,backfire,_
_,backs,back,_
_,bails,bail,_
_,balances,balance,_
_,balks,balk,_
_,balloons,balloon,_
_,bands,band,_
_,banishes,banish,_
_,bankrolls,bankroll,_
_,bankrupts,bankrupt,_
_,banks,bank,_
_,bans,ban,_
_,bargains,bargain,_
_,bars,bar,_
_,bases,base,_
_,bashes,bash,_
_,batters,batter,_
_,battles,battle,_
_,bears,bear,_
_,beats,beat,_
_,becomes,become,_
_,bedevils,bedevil,_
_,beefs,beef,_
_,begins,begin,_
_,behaves,behave,_
_,belies,belie,_
_,believes,believe,_
_,bellows,bellow,_
_,belongs,belong,_
_,bends,bend,_
_,benefits,benefit,_
_,bets,bet,_
_,is,are,_
_,bids,bid,_
_,bills,bill,_
_,bites,bite,_
_,blackmails,blackmail,_
_,blames,blame,_
_,blasts,blast,_
_,bleeds,bleed,_
_,blends,blend,_
_,blesses,bless,_
_,blinks,blink,_
_,blocks,block,_
_,blows,blow,_
_,blunders,blunder,_
_,blunts,blunt,_
_,blurs,blur,_
_,boards,board,_
_,boasts,boast,_
_,bodes,bode,_
_,bogs,bog,_
_,bolsters,bolster,_
_,bombs,bomb,_
_,booms,boom,_
_,boosts,boost,_
_,borrows,borrow,_
_,bothers,bother,_
_,bottles,bottle,_
_,bounces,bounce,_
_,bows,bow,_
_,braces,brace,_
_,brags,brag,_
_,branches,branch,_
_,braves,brave,_
_,brazens,brazen,_
_,breaches,breach,_
_,breaks,break,_
_,breeds,breed,_
_,brews,brew,_
_,bribes,bribe,_
_,bridges,bridge,_
_,briefs,brief,_
_,brings,bring,_
_,broadcasts,broadcast,_
_,broadens,broaden,_
_,browbeats,browbeat,_
_,brushes,brush,_
_,buckles,buckle,_
_,bucks,buck,_
_,budges,budge,_
_,buffers,buffer,_
_,buffets,buffet,_
_,builds,build,_
_,bumbles,bumble,_
_,bumps,bump,_
_,buoys,buoy,_
_,burns,burn,_
_,buries,bury,_
_,buttresses,buttress,_
_,butts,butt,_
_,buy-backs,buy-back,_
_,buys,buy,_
_,buzzes,buzz,_
_,bypasses,bypass,_
_,calculates,calculate,_
_,calls,call,_
_,calms,calm,_
_,cancels,cancel,_
_,capitalizes,capitalize,_
_,captures,capture,_
_,caps,cap,_
_,careens,careen,_
_,cares,care,_
_,caricatures,caricature,_
_,carries,carry,_
_,cashes,cash,_
_,casts,cast,_
_,catapults,catapult,_
_,catches,catch,_
_,caters,cater,_
_,causes,cause,_
_,cautions,caution,_
_,ceases,cease,_
_,cedes,cede,_
_,celebrates,celebrate,_
_,cements,cement,_
_,centralizes,centralize,_
_,certifies,certify,_
_,challenges,challenge,_
_,changes,change,_
_,channels,channel,_
_,characterizes,characterize,_
_,charges,charge,_
_,charts,chart,_
_,chases,chase,_
_,chats,chat,_
_,chauffeurs,chauffeur,_
_,cheats,cheat,_
_,checks,check,_
_,cheers,cheer,_
_,chews,chew,_
_,chills,chill,_
_,chisels,chisel,_
_,chokes,choke,_
_,chooses,choose,_
_,chops,chop,_
_,churns,churn,_
_,cinches,cinch,_
_,circulates,circulate,_
_,circumvents,circumvent,_
_,cites,cite,_
_,claims,claim,_
_,clamps,clamp,_
_,clarifies,clarify,_
_,clashes,clash,_
_,classifies,classify,_
_,cleanses,cleanse,_
_,cleans,clean,_
_,clears,clear,_
_,climbs,climb,_
_,clings,cling,_
_,clips,clip,_
_,clobbers,clobber,_
_,closes,close,_
_,clouds,cloud,_
_,clutters,clutter,_
_,coaches,coach,_
_,coaxes,coax,_
_,codes,code,_
_,co-exists,co-exist,_
_,coheres,cohere,_
_,co-hosts,co-host,_
_,coincides,coincide,_
_,collaborates,collaborate,_
_,collapses,collapse,_
_,collects,collect,_
_,combats,combat,_
_,combines,combine,_
_,comes,come,_
_,commands,command,_
_,commemorates,commemorate,_
_,commends,commend,_
_,comments,comment,_
_,commercializes,commercialize,_
_,commits,commit,_
_,communicates,communicate,_
_,compares,compare,_
_,compels,compel,_
_,compensates,compensate,_
_,competes,compete,_
_,compiles,compile,_
_,complains,complain,_
_,complements,complement,_
_,completes,complete,_
_,complicates,complicate,_
_,complies,comply,_
_,compounds,compound,_
_,comprises,comprise,_
_,compromises,compromise,_
_,computerizes,computerize,_
_,computes,compute,_
_,conceals,conceal,_
_,concedes,concede,_
_,conceives,conceive,_
_,concentrates,concentrate,_
_,concerns,concern,_
_,concludes,conclude,_
_,condemns,condemn,_
_,condones,condone,_
_,conducts,conduct,_
_,confers,confer,_
_,confirms,confirm,_
_,confiscates,confiscate,_
_,conforms,conform,_
_,confronts,confront,_
_,confuses,confuse,_
_,congratulates,congratulate,_
_,connects,connect,_
_,connotes,connote,_
_,conquers,conquer,_
_,consents,consent,_
_,conserves,conserve,_
_,considers,consider,_
_,consists,consist,_
_,consoles,console,_
_,consolidates,consolidate,_
_,constitutes,constitute,_
_,constrains,constrain,_
_,constructs,construct,_
_,construes,construe,_
_,consults,consult,_
_,consumes,consume,_
_,contacts,contact,_
_,contains,contain,_
_,contemplates,contemplate,_
_,contemporizes,contemporize,_
_,contends,contend,_
_,contents,content,_
_,continues,continue,_
_,contracts,contract,_
_,contrasts,contrast,_
_,contributes,contribute,_
_,controls,control,_
_,cons,con,_
_,convenes,convene,_
_,converts,convert,_
_,conveys,convey,_
_,convicts,convict,_
_,convinces,convince,_
_,cooks,cook,_
_,cools,cool,_
_,cooperates,cooperate,_
_,coordinates,coordinate,_
_,copes,cope,_
_,co-produces,co-produce,_
_,copies,copy,_
_,corners,corner,_
_,corrals,corral,_
_,corrects,correct,_
_,corresponds,correspond,_
_,co-sponsors,co-sponsor,_
_,costs,cost,_
_,coughs,cough,_
_,countenances,countenance,_
_,counteracts,counteract,_
_,counterprograms,counterprogram,_
_,counters,counter,_
_,counts,count,_
_,courts,court,_
_,covers,cover,_
_,cracks,crack,_
_,crafts,craft,_
_,cranks,crank,_
_,crashes,crash,_
_,crawls,crawl,_
_,creaks,creak,_
_,creates,create,_
_,credits,credit,_
_,crests,crest,_
_,criminalizes,criminalize,_
_,crimps,crimp,_
_,criticizes,criticize,_
_,crops,crop,_
_,crosses,cross,_
_,crumbles,crumble,_
_,crunches,crunch,_
_,crushes,crush,_
_,cries,cry,_
_,cuffs,cuff,_
_,curbs,curb,_
_,cures,cure,_
_,curls,curl,_
_,curries,curry,_
_,curtails,curtail,_
_,cushions,cushion,_
_,cuts,cut,_
_,dabbles,dabble,_
_,damages,damage,_
_,dampens,dampen,_
_,damps,damp,_
_,dances,dance,_
_,dares,dare,_
_,dashes,dash,_
_,dates,date,_
_,deals,deal,_
_,debates,debate,_
_,debunks,debunk,_
_,debuts,debut,_
_,deceives,deceive,_
_,decides,decide,_
_,declares,declare,_
_,declines,decline,_
_,decreases,decrease,_
_,deducts,deduct,_
_,defaults,default,_
_,defeats,defeat,_
_,defects,defect,_
_,defends,defend,_
_,defers,defer,_
_,defines,define,_
_,deflects,deflect,_
_,defrauds,defraud,_
_,defuses,defuse,_
_,degenerates,degenerate,_
_,delays,delay,_
_,delegates,delegate,_
_,deliberates,deliberate,_
_,delights,delight,_
_,delivers,deliver,_
_,demands,demand,_
_,demilitarizes,demilitarize,_
_,demobilizes,demobilize,_
_,democratizes,democratize,_
_,demolishes,demolish,_
_,demonstrates,demonstrate,_
_,denudes,denude,_
_,denies,deny,_
_,departs,depart,_
_,depends,depend,_
_,depicts,depict,_
_,deposits,deposit,_
_,depresses,depress,_
_,deprives,deprive,_
_,derails,derail,_
_,deregulates,deregulate,_
_,describes,describe,_
_,deserts,desert,_
_,deserves,deserve,_
_,designates,designate,_
_,designs,design,_
_,desists,desist,_
_,destabilizes,destabilize,_
_,destroys,destroy,_
_,detects,detect,_
_,deteriorates,deteriorate,_
_,determines,determine,_
_,deters,deter,_
_,detracts,detract,_
_,develops,develop,_
_,devises,devise,_
_,devotes,devote,_
_,dials,dial,_
_,dictates,dictate,_
_,dies,die,_
_,differentiates,differentiate,_
_,differs,differ,_
_,digests,digest,_
_,dignifies,dignify,_
_,digs,dig,_
_,dilutes,dilute,_
_,diminishes,diminish,_
_,dips,dip,_
_,directs,direct,_
_,disagrees,disagree,_
_,disappears,disappear,_
_,disappoints,disappoint,_
_,disarms,disarm,_
_,disassembles,disassemble,_
_,disassociates,disassociate,_
_,disbands,disband,_
_,discards,discard,_
_,discerns,discern,_
_,discloses,disclose,_
_,discomfits,discomfit,_
_,disconnects,disconnect,_
_,discontinues,discontinue,_
_,discounts,discount,_
_,discourages,discourage,_
_,discovers,discover,_
_,discredits,discredit,_
_,discusses,discuss,_
_,disdains,disdain,_
_,disengages,disengage,_
_,disguises,disguise,_
_,dishes,dish,_
_,dislikes,dislike,_
_,dismantles,dismantle,_
_,dismembers,dismember,_
_,dismisses,dismiss,_
_,disobeys,disobey,_
_,disparages,disparage,_
_,dispatches,dispatch,_
_,dispels,dispel,_
_,dispenses,dispense,_
_,displaces,displace,_
_,displays,display,_
_,disposes,dispose,_
_,disproves,disprove,_
_,disputes,dispute,_
_,disqualifies,disqualify,_
_,disregards,disregard,_
_,disrupts,disrupt,_
_,dissipates,dissipate,_
_,dissociates,dissociate,_
_,dissolves,dissolve,_
_,dissuades,dissuade,_
_,distances,distance,_
_,distinguishes,distinguish,_
_,distorts,distort,_
_,distracts,distract,_
_,distributes,distribute,_
_,disturbs,disturb,_
_,diverges,diverge,_
_,diversifies,diversify,_
_,diverts,divert,_
_,divests,divest,_
_,divides,divide,_
_,doctors,doctor,_
_,documents,document,_
_,doles,dole,_
_,dominates,dominate,_
_,donates,donate,_
_,dons,don,_
_,doubles,double,_
_,doubts,doubt,_
_,does,do,_
_,downsizes,downsize,_
_,drafts,draft,_
_,drags,drag,_
_,drains,drain,_
_,drapes,drape,_
_,draws,draw,_
_,dreams,dream,_
_,dresses,dress,_
_,drifts,drift,_
_,drills,drill,_
_,drinks,drink,_
_,drives,drive,_
_,drops,drop,_
_,drowns,drown,_
_,drums,drum,_
_,dries,dry,_
_,dumps,dump,_
_,duplicates,duplicate,_
_,dwarfs,dwarf,_
_,earmarks,earmark,_
_,earns,earn,_
_,eases,ease,_
_,eats,eat,_
_,eavesdrops,eavesdrop,_
_,ebbs,ebb,_
_,echoes,echo,_
_,eclipses,eclipse,_
_,economizes,economize,_
_,edges,edge,_
_,edits,edit,_
_,educates,educate,_
_,effects,effect,_
_,elaborates,elaborate,_
_,elects,elect,_
_,eliminates,eliminate,_
_,elongates,elongate,_
_,emasculates,emasculate,_
_,embarks,embark,_
_,embarrasses,embarrass,_
_,embellishes,embellish,_
_,embraces,embrace,_
_,emerges,emerge,_
_,emotes,emote,_
_,empathizes,empathize,_
_,emphasizes,emphasize,_
_,emphaticizes,emphaticize,_
_,employs,employ,_
_,empties,empty,_
_,emulates,emulate,_
_,enables,enable,_
_,enacts,enact,_
_,encapsulates,encapsulate,_
_,encompasses,encompass,_
_,encounters,encounter,_
_,encourages,encourage,_
_,endangers,endanger,_
_,endeavors,endeavor,_
_,endorses,endorse,_
_,endures,endure,_
_,ends,end,_
_,enforces,enforce,_
_,engages,engage,_
_,engineers,engineer,_
_,enhances,enhance,_
_,enjoins,enjoin,_
_,enjoys,enjoy,_
_,enlarges,enlarge,_
_,enlists,enlist,_
_,enrolls,enroll,_
_,ensues,ensue,_
_,ensures,ensure,_
_,entails,entail,_
_,enters,enter,_
_,entices,entice,_
_,entitles,entitle,_
_,entrenches,entrench,_
_,entrusts,entrust,_
_,envisions,envision,_
_,equals,equal,_
_,equates,equate,_
_,equips,equip,_
_,eradicates,eradicate,_
_,erases,erase,_
_,erects,erect,_
_,erodes,erode,_
_,erupts,erupt,_
_,escalates,escalate,_
_,escapes,escape,_
_,establishes,establish,_
_,estimates,estimate,_
_,evades,evade,_
_,evaluates,evaluate,_
_,evaporates,evaporate,_
_,evens,even,_
_,evolves,evolve,_
_,exacerbates,exacerbate,_
_,exaggerates,exaggerate,_
_,examines,examine,_
_,exceeds,exceed,_
_,excepts,except,_
_,exchanges,exchange,_
_,excludes,exclude,_
_,excorciates,excorciate,_
_,excuses,excuse,_
_,executes,execute,_
_,exempts,exempt,_
_,exercises,exercise,_
_,exhausts,exhaust,_
_,exhibits,exhibit,_
_,exists,exist,_
_,exits,exit,_
_,exorcises,exorcise,_
_,expands,expand,_
_,expects,expect,_
_,expedites,expedite,_
_,expels,expel,_
_,experiences,experience,_
_,expires,expire,_
_,explains,explain,_
_,explodes,explode,_
_,exploits,exploit,_
_,explores,explore,_
_,exports,export,_
_,exposes,expose,_
_,expresses,express,_
_,expunges,expunge,_
_,extends,extend,_
_,extinguishes,extinguish,_
_,extorts,extort,_
_,extracts,extract,_
_,extricates,extricate,_
_,fabricates,fabricate,_
_,faces,face,_
_,facilitates,facilitate,_
_,factors,factor,_
_,fades,fade,_
_,fails,fail,_
_,falls,fall,_
_,falsifies,falsify,_
_,familiarizes,familiarize,_
_,fantasizes,fantasize,_
_,fares,fare,_
_,farms,farm,_
_,fashions,fashion,_
_,favors,favor,_
_,fears,fear,_
_,features,feature,_
_,feeds,feed,_
_,feels,feel,_
_,fends,fend,_
_,ferrets,ferret,_
_,ferries,ferry,_
_,festers,fester,_
_,fetches,fetch,_
_,fields,field,_
_,fights,fight,_
_,figures,figure,_
_,files,file,_
_,fills,fill,_
_,finances,finance,_
_,finds,find,_
_,fine-tunines,fine-tune,_
_,fines,fine,_
_,fingers,finger,_
_,finishes,finish,_
_,fires,fire,_
_,firms,firm,_
_,fits,fit,_
_,fixes,fix,_
_,flashes,flash,_
_,flattens,flatten,_
_,flaunts,flaunt,_
_,flays,flay,_
_,flees,flee,_
_,flinches,flinch,_
_,flips,flip,_
_,floats,float,_
_,floods,flood,_
_,flounders,flounder,_
_,flourishes,flourish,_
_,flows,flow,_
_,fluctuates,fluctuate,_
_,flushes,flush,_
_,flies,fly,_
_,focuses,focus,_
_,fogs,fog,_
_,foils,foil,_
_,folds,fold,_
_,follows,follow,_
_,fools,fool,_
_,foots,foot,_
_,forces,force,_
_,forecasts,forecast,_
_,foresees,foresee,_
_,forfeits,forfeit,_
_,forgets,forget,_
_,forges,forge,_
_,forgives,forgive,_
_,forgoes,forgo,_
_,formulates,formulate,_
_,forms,form,_
_,fosters,foster,_
_,frames,frame,_
_,franchises,franchise,_
_,frees,free,_
_,freezes,freeze,_
_,freights,freight,_
_,frets,fret,_
_,frightens,frighten,_
_,frolics,frolic,_
_,frustrates,frustrate,_
_,fudges,fudge,_
_,fuels,fuel,_
_,fulfills,fulfill,_
_,functions,function,_
_,funds,fund,_
_,funnels,funnel,_
_,furnishes,furnish,_
_,furthers,further,_
_,gains,gain,_
_,galvanizes,galvanize,_
_,gambles,gamble,_
_,gardens,garden,_
_,garners,garner,_
_,gasps,gasp,_
_,gathers,gather,_
_,gauges,gauge,_
_,genders,gender,_
_,generalizes,generalize,_
_,generates,generate,_
_,gets,get,_
_,gives,give,_
_,glamorizes,glamorize,_
_,glazes,glaze,_
_,gleans,glean,_
_,glides,glide,_
_,gloats,gloat,_
_,glosses,gloss,_
_,gluts,glut,_
_,gons,gon,_
_,gores,gore,_
_,goes,go,_
_,governs,govern,_
_,grabs,grab,_
_,graces,grace,_
_,grants,grant,_
_,grapples,grapple,_
_,grasps,grasp,_
_,grimaces,grimace,_
_,grounds,ground,_
_,groups,group,_
_,growths,growth,_
_,grows,grow,_
_,guarantees,guarantee,_
_,guards,guard,_
_,guesses,guess,_
_,guides,guide,_
_,guts,gut,_
_,guzzles,guzzle,_
_,hacks,hack,_
_,halts,halt,_
_,halves,halve,_
_,hammers,hammer,_
_,hampers,hamper,_
_,handicaps,handicap,_
_,handles,handle,_
_,hands,hand,_
_,hangs,hang,_
_,happens,happen,_
_,harasses,harass,_
_,harms,harm,_
_,hastens,hasten,_
_,hates,hate,_
_,hauls,haul,_
_,haunts,haunt,_
_,haves,have,_
_,heads,head,_
_,heals,heal,_
_,hears,hear,_
_,heats,heat,_
_,hedges,hedge,_
_,heeds,heed,_
_,heightens,heighten,_
_,helps,help,_
_,heralds,herald,_
_,hesitates,hesitate,_
_,hides,hide,_
_,highlights,highlight,_
_,hinders,hinder,_
_,hinges,hinge,_
_,hints,hint,_
_,hires,hire,_
_,hits,hit,_
_,hoes,hoe,_
_,holds,hold,_
_,hollers,holler,_
_,homers,homer,_
_,hones,hone,_
_,honors,honor,_
_,hopes,hope,_
_,hosts,host,_
_,houses,house,_
_,hums,hum,_
_,hurries,hurry,_
_,hurts,hurt,_
_,identifies,identify,_
_,idles,idle,_
_,ignites,ignite,_
_,ignores,ignore,_
_,illuminates,illuminate,_
_,illustrates,illustrate,_
_,imagines,imagine,_
_,impacts,impact,_
_,impairs,impair,_
_,impedes,impede,_
_,implements,implement,_
_,implicates,implicate,_
_,implies,imply,_
_,imports,import,_
_,imposes,impose,_
_,impounds,impound,_
_,impresses,impress,_
_,imprisons,imprison,_
_,improves,improve,_
_,impugns,impugn,_
_,incarcerates,incarcerate,_
_,inches,inch,_
_,includes,include,_
_,incorporates,incorporate,_
_,increaseds,increased,_
_,increases,increase,_
_,incurs,incur,_
_,indemnifies,indemnify,_
_,indicates,indicate,_
_,indicts,indict,_
_,induces,induce,_
_,indulges,indulge,_
_,industrializes,industrialize,_
_,infiltrates,infiltrate,_
_,inflames,inflame,_
_,inflates,inflate,_
_,inflicts,inflict,_
_,influences,influence,_
_,informs,inform,_
_,infringes,infringe,_
_,infuriates,infuriate,_
_,infuses,infuse,_
_,ingests,ingest,_
_,ingratiates,ingratiate,_
_,inhibits,inhibit,_
_,initiates,initiate,_
_,injects,inject,_
_,injures,injure,_
_,innovates,innovate,_
_,insists,insist,_
_,inspects,inspect,_
_,inspires,inspire,_
_,installs,install,_
_,instills,instill,_
_,institutes,institute,_
_,insulates,insulate,_
_,insures,insure,_
_,integrates,integrate,_
_,intends,intend,_
_,intensifies,intensify,_
_,interconnects,interconnect,_
_,interests,interest,_
_,interferes,interfere,_
_,interprets,interpret,_
_,intervenes,intervene,_
_,interviews,interview,_
_,intimates,intimate,_
_,introduces,introduce,_
_,invades,invade,_
_,invents,invent,_
_,investigates,investigate,_
_,invests,invest,_
_,invites,invite,_
_,invokes,invoke,_
_,involves,involve,_
_,irks,irk,_
_,irons,iron,_
_,isolates,isolate,_
_,issues,issue,_
_,itemizes,itemize,_
_,jacks,jack,_
_,jeopardizes,jeopardize,_
_,joins,join,_
_,jokes,joke,_
_,jolts,jolt,_
_,judges,judge,_
_,juggles,juggle,_
_,jumps,jump,_
_,junks,junk,_
_,justifies,justify,_
_,keens,keen,_
_,keeps,keep,_
_,keys,key,_
_,kicks,kick,_
_,kidnaps,kidnap,_
_,kills,kill,_
_,kisses,kiss,_
_,knocks,knock,_
_,knows,know,_
_,kowtows,kowtow,_
_,labels,label,_
_,lags,lag,_
_,lands,land,_
_,languishes,languish,_
_,lashes,lash,_
_,lasts,last,_
_,laughs,laugh,_
_,launches,launch,_
_,launders,launder,_
_,lays,lay,_
_,leads,lead,_
_,leans,lean,_
_,leapfrogs,leapfrog,_
_,leaps,leap,_
_,learns,learn,_
_,leases,lease,_
_,leaves,leave,_
_,lectures,lecture,_
_,legislates,legislate,_
_,legitimizes,legitimize,_
_,lends,lend,_
_,lengthens,lengthen,_
_,lessens,lessen,_
_,lets,let,_
_,levels,level,_
_,levies,levy,_
_,liberalizes,liberalize,_
_,licenses,license,_
_,lies,lie,_
_,lifts,lift,_
_,lightens,lighten,_
_,lights,light,_
_,likes,like,_
_,limits,limit,_
_,lines,line,_
_,lingers,linger,_
_,links,link,_
_,liquefies,liquefy,_
_,liquidates,liquidate,_
_,listens,listen,_
_,lists,list,_
_,lives,live,_
_,loads,load,_
_,loans,loan,_
_,lobbies,lobby,_
_,locates,locate,_
_,locks,lock,_
_,lodges,lodge,_
_,logs,log,_
_,looks,look,_
_,looms,loom,_
_,loosens,loosen,_
_,looses,loose,_
_,loots,loot,_
_,loses,lose,_
_,loves,love,_
_,lowers,lower,_
_,lunches,lunch,_
_,lures,lure,_
_,mails,mail,_
_,maintains,maintain,_
_,makes,make,_
_,manages,manage,_
_,mandates,mandate,_
_,maneuvers,maneuver,_
_,manipulates,manipulate,_
_,manufactures,manufacture,_
_,mans,man,_
_,marches,march,_
_,markets,market,_
_,marks,mark,_
_,marries,marry,_
_,marvels,marvel,_
_,massages,massage,_
_,masters,master,_
_,matches,match,_
_,materializes,materialize,_
_,matters,matter,_
_,matures,mature,_
_,mauls,maul,_
_,maximizes,maximize,_
_,means,mean,_
_,measures,measure,_
_,mediates,mediate,_
_,meets,meet,_
_,melds,meld,_
_,melts,melt,_
_,mentions,mention,_
_,merges,merge,_
_,merits,merit,_
_,meshes,mesh,_
_,migrates,migrate,_
_,militates,militate,_
_,milks,milk,_
_,mimics,mimic,_
_,minces,mince,_
_,minds,mind,_
_,minimizes,minimize,_
_,mirrors,mirror,_
_,misinterprets,misinterpret,_
_,misrepresents,misrepresent,_
_,misses,miss,_
_,mistreats,mistreat,_
_,mitigates,mitigate,_
_,mixes,mix,_
_,moans,moan,_
_,mobilizes,mobilize,_
_,models,model,_
_,moderates,moderate,_
_,modernizes,modernize,_
_,modifies,modify,_
_,mollifies,mollify,_
_,monitors,monitor,_
_,monopolizes,monopolize,_
_,mops,mop,_
_,mortgages,mortgage,_
_,motivates,motivate,_
_,mounts,mount,_
_,moves,move,_
_,mows,mow,_
_,mulls,mull,_
_,multiplies,multiply,_
_,muses,muse,_
_,musters,muster,_
_,mutes,mute,_
_,nails,nail,_
_,names,name,_
_,narrows,narrow,_
_,navigates,navigate,_
_,naysays,naysay,_
_,needs,need,_
_,negotiates,negotiate,_
_,nets,net,_
_,networks,network,_
_,nominates,nominate,_
_,normalizes,normalize,_
_,notches,notch,_
_,notes,note,_
_,notices,notice,_
_,notifies,notify,_
_,nudges,nudge,_
_,nullifies,nullify,_
_,nurtures,nurture,_
_,obfuscates,obfuscate,_
_,objects,object,_
_,obscures,obscure,_
_,observes,observe,_
_,obtains,obtain,_
_,obviates,obviate,_
_,occasions,occasion,_
_,occupies,occupy,_
_,occurs,occur,_
_,offends,offend,_
_,offers,offer,_
_,offsets,offset,_
_,omits,omit,_
_,oozes,ooze,_
_,opens,open,_
_,operates,operate,_
_,opposes,oppose,_
_,opts,opt,_
_,orders,order,_
_,organizes,organize,_
_,originates,originate,_
_,ousts,oust,_
_,outfits,outfit,_
_,outflanks,outflank,_
_,outflies,outfly,_
_,outlasts,outlast,_
_,outlines,outline,_
_,outpaces,outpace,_
_,outperforms,outperform,_
_,outsells,outsell,_
_,outshines,outshine,_
_,out-smarts,out-smart,_
_,outstrips,outstrip,_
_,out-trades,out-trade,_
_,outweighs,outweigh,_
_,overbids,overbid,_
_,overcomes,overcome,_
_,overemphasizes,overemphasize,_
_,overhauls,overhaul,_
_,overlooks,overlook,_
_,overpowers,overpower,_
_,overpurchases,overpurchase,_
_,overreacts,overreact,_
_,overrides,override,_
_,overrules,overrule,_
_,oversees,oversee,_
_,overstates,overstate,_
_,overthrows,overthrow,_
_,overturns,overturn,_
_,overwhelms,overwhelm,_
_,owes,owe,_
_,owns,own,_
_,paces,pace,_
_,packages,package,_
_,packs,pack,_
_,paints,paint,_
_,pairs,pair,_
_,pales,pale,_
_,palms,palm,_
_,panics,panic,_
_,pans,pan,_
_,parachutes,parachute,_
_,parallels,parallel,_
_,parcels,parcel,_
_,parks,park,_
_,parries,parry,_
_,partakes,partake,_
_,participates,participate,_
_,parts,part,_
_,passes,pass,_
_,patronizes,patronize,_
_,paves,pave,_
_,pays,pay,_
_,peaks,peak,_
_,pedals,pedal,_
_,peddles,peddle,_
_,peers,peer,_
_,penalizes,penalize,_
_,penetrates,penetrate,_
_,performs,perform,_
_,permits,permit,_
_,perpetuates,perpetuate,_
_,persists,persist,_
_,persuades,persuade,_
_,peruses,peruse,_
_,petitions,petition,_
_,phases,phase,_
_,picks,pick,_
_,pieces,piece,_
_,piles,pile,_
_,pinches,pinch,_
_,pings,ping,_
_,pinpoints,pinpoint,_
_,pins,pin,_
_,pitches,pitch,_
_,pits,pit,_
_,placates,placate,_
_,places,place,_
_,plagues,plague,_
_,plants,plant,_
_,plans,plan,_
_,plays,play,_
_,pleads,plead,_
_,pleases,please,_
_,pleas,plea,_
_,plots,plot,_
_,plows,plow,_
_,plucks,pluck,_
_,plugs,plug,_
_,plummets,plummet,_
_,plunges,plunge,_
_,pockets,pocket,_
_,points,point,_
_,polices,police,_
_,polishes,polish,_
_,pollinates,pollinate,_
_,pollutes,pollute,_
_,polls,poll,_
_,ponders,ponder,_
_,popularizes,popularize,_
_,populates,populate,_
_,pops,pop,_
_,portends,portend,_
_,portrays,portray,_
_,poses,pose,_
_,positions,position,_
_,possesses,possess,_
_,postpones,postpone,_
_,posts,post,_
_,pots,pot,_
_,pounces,pounce,_
_,pounds,pound,_
_,pours,pour,_
_,practices,practice,_
_,precedes,precede,_
_,precludes,preclude,_
_,predicts,predict,_
_,predisposes,predispose,_
_,pre-empts,pre-empt,_
_,prefers,prefer,_
_,premieres,premiere,_
_,prepares,prepare,_
_,prepays,prepay,_
_,pre-registers,pre-register,_
_,presages,presage,_
_,prescribes,prescribe,_
_,presents,present,_
_,preserves,preserve,_
_,pressures,pressure,_
_,presses,press,_
_,pretends,pretend,_
_,pre-tries,pre-try,_
_,prevails,prevail,_
_,prevents,prevent,_
_,prices,price,_
_,privatizes,privatize,_
_,probes,probe,_
_,proceeds,proceed,_
_,processes,process,_
_,proclaims,proclaim,_
_,produces,produce,_
_,prods,prod,_
_,profiles,profile,_
_,profits,profit,_
_,programs,program,_
_,progresses,progress,_
_,prohibits,prohibit,_
_,projects,project,_
_,prolongs,prolong,_
_,promises,promise,_
_,promotes,promote,_
_,prompts,prompt,_
_,propels,propel,_
_,proposes,propose,_
_,props,prop,_
_,prospers,prosper,_
_,protects,protect,_
_,protests,protest,_
_,proves,prove,_
_,provides,provide,_
_,provokes,provoke,_
_,prunes,prune,_
_,publicizes,publicize,_
_,publishes,publish,_
_,pulls,pull,_
_,pummels,pummel,_
_,pumps,pump,_
_,punches,punch,_
_,punishes,punish,_
_,purchases,purchase,_
_,pursues,pursue,_
_,pushes,push,_
_,puts,put,_
_,puzzles,puzzle,_
_,qualifies,qualify,_
_,quantifies,quantify,_
_,quarrels,quarrel,_
_,quells,quell,_
_,questions,question,_
_,quiets,quiet,_
_,quits,quit,_
_,quizes,quiz,_
_,quotes,quote,_
_,rages,rage,_
_,raids,raid,_
_,rains,rain,_
_,raises,raise,_
_,rallies,rally,_
_,ramps,ramp,_
_,ranges,range,_
_,ranks,rank,_
_,ratifies,ratify,_
_,rationalizes,rationalize,_
_,rattles,rattle,_
_,rats,rat,_
_,raves,rave,_
_,reaches,reach,_
_,reacts,react,_
_,readmits,readmit,_
_,reads,read,_
_,reaffirms,reaffirm,_
_,realigns,realign,_
_,realizes,realize,_
_,reappraises,reappraise,_
_,reaps,reap,_
_,rearms,rearm,_
_,rearranges,rearrange,_
_,reasons,reason,_
_,reasserts,reassert,_
_,reassesses,reassess,_
_,reassumes,reassume,_
_,reassures,reassure,_
_,reauthorizes,reauthorize,_
_,rebounds,rebound,_
_,rebuilds,rebuild,_
_,rebuts,rebut,_
_,recalls,recall,_
_,recaptures,recapture,_
_,receives,receive,_
_,reckons,reckon,_
_,reclaims,reclaim,_
_,recognizes,recognize,_
_,recommends,recommend,_
_,reconciles,reconcile,_
_,reconnects,reconnect,_
_,reconsiders,reconsider,_
_,reconstructs,reconstruct,_
_,records,record,_
_,recoups,recoup,_
_,recovers,recover,_
_,recrafts,recraft,_
_,recreates,recreate,_
_,recycles,recycle,_
_,reddens,redden,_
_,redeems,redeem,_
_,redefines,redefine,_
_,redesigns,redesign,_
_,redevelops,redevelop,_
_,redials,redial,_
_,rediscovers,rediscover,_
_,redounds,redound,_
_,redoes,redo,_
_,redraws,redraw,_
_,reduces,reduce,_
_,re-emerges,re-emerge,_
_,re-enters,re-enter,_
_,re-establishes,re-establish,_
_,reestablishes,reestablish,_
_,re-evaluates,re-evaluate,_
_,re-examines,re-examine,_
_,refers,refer,_
_,refinances,refinance,_
_,refines,refine,_
_,reflects,reflect,_
_,refocuseses,refocuses,_
_,refocuses,refocus,_
_,reforms,reform,_
_,refrains,refrain,_
_,refunds,refund,_
_,refurbishes,refurbish,_
_,refuses,refuse,_
_,refutes,refute,_
_,regains,regain,_
_,regards,regard,_
_,regenerates,regenerate,_
_,registers,register,_
_,regrets,regret,_
_,regroups,regroup,_
_,regulates,regulate,_
_,rehabilitates,rehabilitate,_
_,reignites,reignite,_
_,reimburses,reimburse,_
_,reimposes,reimpose,_
_,reinforces,reinforce,_
_,reinstates,reinstate,_
_,reins,rein,_
_,reinvents,reinvent,_
_,reinvests,reinvest,_
_,reinvigorates,reinvigorate,_
_,rejects,reject,_
_,rejoins,rejoin,_
_,rejuvenates,rejuvenate,_
_,rekindles,rekindle,_
_,relates,relate,_
_,relaunches,relaunch,_
_,relaxes,relax,_
_,releases,release,_
_,relieves,relieve,_
_,relinquishes,relinquish,_
_,relishes,relish,_
_,relocates,relocate,_
_,relies,rely,_
_,remakes,remake,_
_,remains,remain,_
_,remarks,remark,_
_,remedies,remedy,_
_,remembers,remember,_
_,reminds,remind,_
_,removes,remove,_
_,reneges,renege,_
_,renegotiates,renegotiate,_
_,renews,renew,_
_,renounces,renounce,_
_,renovates,renovate,_
_,rents,rent,_
_,reopens,reopen,_
_,reorganizes,reorganize,_
_,repairs,repair,_
_,repatriates,repatriate,_
_,repays,repay,_
_,repeals,repeal,_
_,repeats,repeat,_
_,repels,repel,_
_,replaces,replace,_
_,replasters,replaster,_
_,replenishes,replenish,_
_,replicates,replicate,_
_,replies,reply,_
_,reponds,repond,_
_,reports,report,_
_,repositions,reposition,_
_,repossesses,repossess,_
_,represents,represent,_
_,reproduces,reproduce,_
_,repurchases,repurchase,_
_,requests,request,_
_,requires,require,_
_,reschedules,reschedule,_
_,rescinds,rescind,_
_,rescues,rescue,_
_,researches,research,_
_,resells,resell,_
_,resembles,resemble,_
_,resents,resent,_
_,reserves,reserve,_
_,resets,reset,_
_,reshapes,reshape,_
_,reshuffles,reshuffle,_
_,resides,reside,_
_,resigns,resign,_
_,resists,resist,_
_,resolves,resolve,_
_,resorts,resort,_
_,respects,respect,_
_,responds,respond,_
_,restarts,restart,_
_,restates,restate,_
_,restores,restore,_
_,restrains,restrain,_
_,restricts,restrict,_
_,restructures,restructure,_
_,rests,rest,_
_,results,result,_
_,resumes,resume,_
_,resurrects,resurrect,_
_,retails,retail,_
_,retains,retain,_
_,rethinks,rethink,_
_,retires,retire,_
_,retreats,retreat,_
_,retrieves,retrieve,_
_,retrofits,retrofit,_
_,retries,retry,_
_,returns,return,_
_,reunites,reunite,_
_,revamps,revamp,_
_,reveals,reveal,_
_,reverberates,reverberate,_
_,reverses,reverse,_
_,reviews,review,_
_,revises,revise,_
_,revisits,revisit,_
_,revives,revive,_
_,revokes,revoke,_
_,revolutionizes,revolutionize,_
_,revolves,revolve,_
_,rewards,reward,_
_,rewrites,rewrite,_
_,rides,ride,_
_,rids,rid,_
_,rings,ring,_
_,rises,rise,_
_,risks,risk,_
_,rivals,rival,_
_,rocks,rock,_
_,roils,roil,_
_,rolls,roll,_
_,roosts,roost,_
_,roots,root,_
_,rotates,rotate,_
_,rounds,round,_
_,rows,row,_
_,rubber-stamps,rubber-stamp,_
_,rubs,rub,_
_,ruins,ruin,_
_,rules,rule,_
_,runs,run,_
_,rushes,rush,_
_,sabotages,sabotage,_
_,sacrifices,sacrifice,_
_,safeguards,safeguard,_
_,safeties,safety,_
_,salvages,salvage,_
_,saps,sap,_
_,satisfies,satisfy,_
_,saturates,saturate,_
_,saves,save,_
_,savors,savor,_
_,says,say,_
_,scales,scale,_
_,scans,scan,_
_,scapes,scape,_
_,scares,scare,_
_,schedules,schedule,_
_,schools,school,_
_,scolds,scold,_
_,scorns,scorn,_
_,scours,scour,_
_,scouts,scout,_
_,scraps,scrap,_
_,screens,screen,_
_,scrutinizes,scrutinize,_
_,scurries,scurry,_
_,scuttles,scuttle,_
_,seals,seal,_
_,searches,search,_
_,secures,secure,_
_,seduces,seduce,_
_,seeks,seek,_
_,seems,seem,_
_,sees,see,_
_,segregates,segregate,_
_,seizes,seize,_
_,selects,select,_
_,self-reinsures,self-reinsure,_
_,sells,sell,_
_,sends,send,_
_,senses,sense,_
_,sensitizes,sensitize,_
_,separates,separate,_
_,sequesters,sequester,_
_,serves,serve,_
_,services,service,_
_,settles,settle,_
_,sets,set,_
_,severs,sever,_
_,shadows,shadow,_
_,shakes,shake,_
_,shapes,shape,_
_,shares,share,_
_,sharpens,sharpen,_
_,shaves,shave,_
_,sheds,shed,_
_,shells,shell,_
_,shields,shield,_
_,shifts,shift,_
_,shines,shine,_
_,ships,ship,_
_,shirks,shirk,_
_,shocks,shock,_
_,shoe-horns,shoe-horn,_
_,shoots,shoot,_
_,shops,shop,_
_,shores,shore,_
_,shorns,shorn,_
_,shortens,shorten,_
_,shorts,short,_
_,shoulders,shoulder,_
_,shouts,shout,_
_,shoves,shove,_
_,showers,shower,_
_,shows,show,_
_,shrinks,shrink,_
_,shuns,shun,_
_,shuts,shut,_
_,shies,shy,_
_,sidetracks,sidetrack,_
_,sides,side,_
_,sifts,sift,_
_,signals,signal,_
_,signifies,signify,_
_,signs,sign,_
_,simplifies,simplify,_
_,sings,sing,_
_,sinks,sink,_
_,sits,sit,_
_,skids,skid,_
_,skims,skim,_
_,skippers,skipper,_
_,skips,skip,_
_,skis,ski,_
_,slacks,slack,_
_,slam-dunks,slam-dunk,_
_,slashes,slash,_
_,sleeps,sleep,_
_,slides,slide,_
_,slips,slip,_
_,slogs,slog,_
_,slows,slow,_
_,slumps,slump,_
_,smashes,smash,_
_,smokes,smoke,_
_,smooths,smooth,_
_,smothers,smother,_
_,smuggles,smuggle,_
_,snatches,snatch,_
_,sniffs,sniff,_
_,soaks,soak,_
_,soars,soar,_
_,sobs,sob,_
_,socializes,socialize,_
_,socks,sock,_
_,softens,soften,_
_,solicits,solicit,_
_,solidifies,solidify,_
_,solves,solve,_
_,soothes,soothe,_
_,sorts,sort,_
_,sounds,sound,_
_,sours,sour,_
_,sows,sow,_
_,spares,spare,_
_,sparks,spark,_
_,spawns,spawn,_
_,speaks,speak,_
_,specializes,specialize,_
_,specifies,specify,_
_,speculates,speculate,_
_,speeds,speed,_
_,spells,spell,_
_,spends,spend,_
_,spills,spill,_
_,spins,spin,_
_,splits,split,_
_,sponsors,sponsor,_
_,spotlights,spotlight,_
_,spots,spot,_
_,spreads,spread,_
_,springs,spring,_
_,sprouts,sprout,_
_,spruces,spruce,_
_,spurns,spurn,_
_,spurs,spur,_
_,spies,spy,_
_,squares,square,_
_,squeezes,squeeze,_
_,stabilizes,stabilize,_
_,stacks,stack,_
_,staffs,staff,_
_,stages,stage,_
_,stains,stain,_
_,stalls,stall,_
_,stampedes,stampede,_
_,stamps,stamp,_
_,stanches,stanch,_
_,standardizes,standardize,_
_,stands,stand,_
_,starts,start,_
_,stars,star,_
_,starves,starve,_
_,stashes,stash,_
_,states,state,_
_,staves,stave,_
_,stays,stay,_
_,steals,steal,_
_,steers,steer,_
_,stems,stem,_
_,steps,step,_
_,sterilizes,sterilize,_
_,sticks,stick,_
_,stifles,stifle,_
_,stimulates,stimulate,_
_,stipulates,stipulate,_
_,stirs,stir,_
_,stockpiles,stockpile,_
_,stocks,stock,_
_,stomaches,stomach,_
_,stops,stop,_
_,stores,store,_
_,strafes,strafe,_
_,straightens,straighten,_
_,strains,strain,_
_,strays,stray,_
_,streamlines,streamline,_
_,streetspeaks,streetspeak,_
_,strengthens,strengthen,_
_,stresses,stress,_
_,stretches,stretch,_
_,strikes,strike,_
_,strips,strip,_
_,strolls,stroll,_
_,structures,structure,_
_,struggles,struggle,_
_,studies,study,_
_,stumbles,stumble,_
_,subcontracts,subcontract,_
_,subjects,subject,_
_,sublets,sublet,_
_,submits,submit,_
_,subordinates,subordinate,_
_,subpoenas,subpoena,_
_,subscribes,subscribe,_
_,subsidizes,subsidize,_
_,substantiates,substantiate,_
_,substitutes,substitute,_
_,subtracts,subtract,_
_,subverts,subvert,_
_,succeeds,succeed,_
_,sues,sue,_
_,suffers,suffer,_
_,suffices,suffice,_
_,suggests,suggest,_
_,suits,suit,_
_,summarizes,summarize,_
_,summons,summon,_
_,sums,sum,_
_,supersedes,supersede,_
_,supervises,supervise,_
_,supplements,supplement,_
_,supplies,supply,_
_,supports,support,_
_,supposes,suppose,_
_,suppresses,suppress,_
_,surfaces,surface,_
_,surges,surge,_
_,surpasses,surpass,_
_,surprises,surprise,_
_,surrenders,surrender,_
_,surveys,survey,_
_,survives,survive,_
_,suspects,suspect,_
_,suspends,suspend,_
_,sustains,sustain,_
_,swallows,swallow,_
_,swamps,swamp,_
_,swaps,swap,_
_,sways,sway,_
_,swears,swear,_
_,sweats,sweat,_
_,sweetens,sweeten,_
_,swells,swell,_
_,swings,swing,_
_,switches,switch,_
_,synthesizes,synthesize,_
_,tackles,tackle,_
_,tags,tag,_
_,takes,take,_
_,talks,talk,_
_,tampers,tamper,_
_,tandies,tandy,_
_,taps,tap,_
_,targets,target,_
_,tarnishes,tarnish,_
_,tastes,taste,_
_,taxes,tax,_
_,teaches,teach,_
_,teams,team,_
_,tears,tear,_
_,tells,tell,_
_,tenders,tender,_
_,tends,tend,_
_,terminates,terminate,_
_,terms,term,_
_,test-drives,test-drive,_
_,testifies,testify,_
_,tests,test,_
_,thanks,thank,_
_,thes,the,_
_,thinks,think,_
_,thrashes,thrash,_
_,threatens,threaten,_
_,thrives,thrive,_
_,throws,throw,_
_,thwarts,thwart,_
_,ticks,tick,_
_,ties,tie,_
_,tightens,tighten,_
_,tilts,tilt,_
_,times,time,_
_,tiptoes,tiptoe,_
_,tolerates,tolerate,_
_,topples,topple,_
_,tops,top,_
_,torments,torment,_
_,torpedoes,torpedo,_
_,tortures,torture,_
_,tosses,toss,_
_,totals,total,_
_,totters,totter,_
_,touches,touch,_
_,toughens,toughen,_
_,toughs,tough,_
_,tours,tour,_
_,touts,tout,_
_,towers,tower,_
_,traces,trace,_
_,tracks,track,_
_,trades,trade,_
_,traduces,traduce,_
_,trails,trail,_
_,trains,train,_
_,transacts,transact,_
_,transfers,transfer,_
_,transforms,transform,_
_,translates,translate,_
_,transmits,transmit,_
_,transplants,transplant,_
_,transports,transport,_
_,trashes,trash,_
_,travels,travel,_
_,treads,tread,_
_,treats,treat,_
_,trends,trend,_
_,trickles,trickle,_
_,tricks,trick,_
_,triggers,trigger,_
_,trims,trim,_
_,triples,triple,_
_,trivializes,trivialize,_
_,trusts,trust,_
_,tries,try,_
_,tumbles,tumble,_
_,turns,turn,_
_,twitches,twitch,_
_,unblocks,unblock,_
_,uncovers,uncover,_
_,undercuts,undercut,_
_,undergoes,undergo,_
_,underlies,underlie,_
_,underlines,underline,_
_,undermines,undermine,_
_,underperforms,underperform,_
_,underpins,underpin,_
_,underscores,underscore,_
_,understands,understand,_
_,undertakes,undertake,_
_,underwrites,underwrite,_
_,undoes,undo,_
_,undulates,undulate,_
_,unfolds,unfold,_
_,unites,unite,_
_,unleashes,unleash,_
_,unloads,unload,_
_,unmasks,unmask,_
_,unplugs,unplug,_
_,unravels,unravel,_
_,unveils,unveil,_
_,unwinds,unwind,_
_,updates,update,_
_,upgrades,upgrade,_
_,upholds,uphold,_
_,upsets,upset,_
_,urges,urge,_
_,uses,use,_
_,usurps,usurp,_
_,utilizes,utilize,_
_,vacates,vacate,_
_,vacillates,vacillate,_
_,vacuums,vacuum,_
_,values,value,_
_,vanishes,vanish,_
_,varies,vary,_
_,vaults,vault,_
_,veers,veer,_
_,ventures,venture,_
_,vents,vent,_
_,verifies,verify,_
_,vetoes,veto,_
_,views,view,_
_,violates,violate,_
_,visits,visit,_
_,visualizes,visualize,_
_,vitiates,vitiate,_
_,voices,voice,_
_,voids,void,_
_,volunteers,volunteer,_
_,votes,vote,_
_,wades,wade,_
_,wads,wad,_
_,wages,wage,_
_,wails,wail,_
_,waits,wait,_
_,waives,waive,_
_,walks,walk,_
_,walls,wall,_
_,wanders,wander,_
_,wanes,wane,_
_,wants,want,_
_,wards,ward,_
_,warms,warm,_
_,warns,warn,_
_,warrants,warrant,_
_,washes,wash,_
_,wastes,waste,_
_,watches,watch,_
_,waters,water,_
_,weakens,weaken,_
_,wears,wear,_
_,weathers,weather,_
_,wedges,wedge,_
_,weights,weight,_
_,weighs,weigh,_
_,welcomes,welcome,_
_,whacks,whack,_
_,whips,whip,_
_,widens,widen,_
_,wills,will,_
_,wimps,wimp,_
_,winds,wind,_
_,wins,win,_
_,wipes,wipe,_
_,wires,wire,_
_,wishes,wish,_
_,withdraws,withdraw,_
_,withholds,withhold,_
_,withstands,withstand,_
_,witnesses,witness,_
_,wonders,wonder,_
_,wooes,woo,_
_,works,work,_
_,worries,worry,_
_,worsens,worsen,_
_,wounds,wound,_
_,wraps,wrap,_
_,wreaks,wreak,_
_,wrecks,wreck,_
_,wrestles,wrestle,_
_,wrests,wrest,_
_,wrings,wring,_
_,writes,write,_
_,yanks,yank,_
_,yields,yield,_
_,zeroes,zero,_
_,zips,zip,_
_,zooms,zoom,_
_,was,were,_
_,staunches,staunch,_
